{"loss": [0.0030778826242312787, 0.0027854307387024163, 0.0027095640655606986, 0.0026100933579728007, 0.0025813853335566817, 0.0025196433970704674, 0.002481023755390197, 0.002450711150187999, 0.0024730656053870916, 0.0024555344325490297, 0.0024394761393778026, 0.0024229548098519444, 0.0024049103911966086, 0.0024028948661871255, 0.002387565150856972, 0.0023677223268896343, 0.0024069310505874454, 0.002353700542356819, 0.0023351157293654977, 0.0023589295144192876, 0.0023439053194597363, 0.002295646026730537, 0.0023467140533030032, 0.0023240269790403543, 0.002294983852189034, 0.002276715931016952, 0.0022637285096570848, 0.0022734042857773602, 0.0022352307965047657, 0.002278357457369566, 0.002243355972226709, 0.002250478323083371, 0.0022238478059880434, 0.0022268601576797666, 0.0022544742957688866, 0.0022336003254167735, 0.0022015014002099635, 0.0022426686193794012, 0.0021790968580171466, 0.0021867367015220227, 0.002222767042461783, 0.0022071049022488296, 0.0022023665527813137, 0.0022010782361030577, 0.002187514597084373, 0.002199895731639117, 0.002191989550832659, 0.002192551374901086, 0.0022017751885578035, 0.002178434999193996], "true_accuracy": [0.28717348909378054, 0.34989758968353274, 0.3719056272506714, 0.3936226065158844, 0.41199639391899107, 0.4252257132530212, 0.4276728875637054, 0.4374757716655731, 0.45067278265953065, 0.448618887424469, 0.4526203911304474, 0.4593025419712067, 0.4683678858280182, 0.46786602783203124, 0.47552328038215635, 0.47975685381889344, 0.47085776972770693, 0.4774000000953674, 0.4944032022953033, 0.4863511278629303, 0.4871917836666107, 0.4940983853340149, 0.4903306984901428, 0.49230323553085326, 0.5036649942398072, 0.5037769792079926, 0.5012096197605133, 0.501770665884018, 0.5077988631725311, 0.5051781711578369, 0.5144536240100861, 0.5093023822307586, 0.5212708740234375, 0.5164520211219787, 0.5121674637794494, 0.518437308549881, 0.5194333350658417, 0.5178705246448517, 0.5252710621356964, 0.5256400372982025, 0.5208090724945068, 0.5237814469337463, 0.5236023762226105, 0.5216000442504882, 0.5218945600986481, 0.5239696605205536, 0.5194856872558594, 0.5277069990634918, 0.5218155794143676, 0.5223632652759552], "attention_accuracy": [0.7562709989547729, 0.7893161680698395, 0.8059707653522491, 0.8190773236751556, 0.8257778308391571, 0.834027084827423, 0.8351096324920654, 0.8417319440841675, 0.843923523902893, 0.842564710855484, 0.8435953722000122, 0.847394152879715, 0.8498184294700623, 0.8480796070098877, 0.8494313621520996, 0.8527814962863922, 0.8511157169342041, 0.854167768239975, 0.8595652678012848, 0.8544012124538422, 0.8565021662712097, 0.8608339054584503, 0.858759687423706, 0.8581723573207856, 0.8628259725570678, 0.8638588874340057, 0.8626008157730103, 0.862238174200058, 0.8655502891540527, 0.8651513907909393, 0.8679221866130828, 0.8645998833179473, 0.8695947749614715, 0.8684791324138641, 0.8661638815402984, 0.8696692299842834, 0.8703859579563141, 0.8680138239860534, 0.8732937412261963, 0.872451367855072, 0.8695306708812713, 0.8695476813316345, 0.8680352416038514, 0.86992849111557, 0.8714750866889953, 0.8687829117774963, 0.8691203887462616, 0.8703091354370117, 0.8688856334686279, 0.8710526514053345]}