{"loss": [0.0032213023910298943, 0.0027427803073078395, 0.0026027332181110976, 0.0025421229442581534, 0.002501096870750189, 0.002447341084945947, 0.002443517734762281, 0.0024318517069332303, 0.002360837979707867, 0.002333786248229444, 0.0022980002467520534, 0.0023164144856855275, 0.00230773674370721, 0.00228401985950768, 0.0023092522500082853, 0.0022538889893330633, 0.002261854972690344, 0.002234993550926447, 0.002262644097208977, 0.002237710445187986, 0.0022306132754310965, 0.002203823056537658, 0.0021831026547588406, 0.002194856418762356, 0.00220197521103546, 0.0021628681207075716, 0.002154399581253529, 0.0021974778026342392, 0.0021366228978149594, 0.002137705249711871, 0.0021080670855008064, 0.0021403961200267075, 0.0021595741105265914, 0.0020897451853379607, 0.0021167878252454104, 0.0021176339103840293, 0.002128853905480355, 0.002119458948262036, 0.0020899902218952777, 0.0020983392894268036, 0.002112125564366579, 0.002092471676878631, 0.0020903249601833523, 0.0020988195054233074, 0.0020817985818721353, 0.0020796936387196185, 0.0021168809016235174, 0.0020537571255117653, 0.0020934774689376355, 0.00206915861973539, 0.002060889455024153, 0.002081044228747487, 0.0020655261552892626, 0.0020769657432101666, 0.002091501475311816, 0.002070250016171485, 0.0020507285380735995, 0.0020635361005552112, 0.0020501323491334917, 0.002052146493922919, 0.0020595013243146242, 0.0020138410972431304, 0.0019836396337486804, 0.0020413107061758636, 0.0020496797910891473, 0.0020313641121610998, 0.0020100440862588585, 0.0020148728149943056, 0.0020357488873414694, 0.002026316940318793, 0.0020242120949551462, 0.002018281424883753, 0.0020168403000570836, 0.002020994469989091, 0.0019843238294124602, 0.0020463450397364795, 0.0019876572024077176, 0.0019802323495969176, 0.0019796591997146605, 0.0020051648765802383, 0.0020127483420073985, 0.0019938885625451802, 0.0019676651977933945, 0.001991791625972837, 0.0019721521041356025, 0.0019448460973799228, 0.001977041119709611, 0.0019767148001119494, 0.001979619269259274, 0.0019749900670722126, 0.0019737732410430907, 0.0019481812547892331, 0.001966851548757404, 0.00196913824416697, 0.0019530988512560725, 0.0019516757298260927, 0.0020005988935008646, 0.0019564713756553827, 0.0019710868312977255, 0.0019633869132958354], "true_accuracy": [0.2626246054172516, 0.35218367958068847, 0.3884962089061737, 0.4018407473564148, 0.4116935832500458, 0.4235329985618591, 0.4297101137638092, 0.4431402587890625, 0.44899013710021973, 0.46392192029953006, 0.4602303502559662, 0.4674464478492737, 0.4695566511154175, 0.4721907618045807, 0.4683851144313812, 0.48634263515472415, 0.4841539216041565, 0.5031983087062836, 0.5060647919178008, 0.5123187186717987, 0.5104251546859742, 0.5178610899448395, 0.5125490634441375, 0.5055430757999421, 0.519514415025711, 0.526288978099823, 0.5251346683502197, 0.5246352756023407, 0.5326030049324035, 0.5289098062515258, 0.5402307059764863, 0.5318897643089294, 0.530269142150879, 0.5473972191810608, 0.5359944415092468, 0.5387544257640838, 0.5372351157665253, 0.5413314218521118, 0.5418487071990967, 0.5405263702869415, 0.5324958283901214, 0.5462526986598969, 0.5453728153705597, 0.5452893688678742, 0.5472103354930877, 0.5536643748283386, 0.5391946306228638, 0.5558493156433105, 0.5448557033538818, 0.5528917303085327, 0.5569739546775818, 0.549958015203476, 0.5562661719322205, 0.5503075511455536, 0.5479341073036194, 0.5560482547283173, 0.5560838339328766, 0.5549936096668243, 0.5594266164302826, 0.5576814043521882, 0.5570013897418976, 0.5639154300689697, 0.5701012029647827, 0.5603219921588898, 0.5547900590896606, 0.5598008995056152, 0.5657851030826568, 0.5665536053180694, 0.5598256287574768, 0.5619754719734192, 0.5604938242435455, 0.564502984046936, 0.5646748189926147, 0.5596743690967559, 0.5680422375202179, 0.562130048751831, 0.5694544038772583, 0.5705049245357513, 0.5603845009803772, 0.5697262067794799, 0.5631073715686798, 0.5731725888252258, 0.5741032106876374, 0.5674499526023865, 0.5755475919246673, 0.5699654278755188, 0.5710521805286407, 0.5622168636322021, 0.5647154681682587, 0.562744606256485, 0.5683391537666321, 0.5562119424343109, 0.5650919921398163, 0.556127955198288, 0.5703892793655395, 0.5604371755123139, 0.5456347086429596, 0.5626438384056092, 0.555058821439743, 0.5651906905174255], "attention_accuracy": [0.7486986377239228, 0.7815408728122711, 0.8108022079467774, 0.8177011165618896, 0.8256281881332398, 0.8318182578086853, 0.8323236548900604, 0.8437777769565582, 0.8458604488372803, 0.8530538547039032, 0.8522322461605072, 0.8534870319366455, 0.856817522764206, 0.8584495022296905, 0.8557852318286896, 0.862935983657837, 0.8609112379550934, 0.8662069592475891, 0.866032770872116, 0.8673351695537567, 0.8657486398220062, 0.8688283894062042, 0.8697125399112702, 0.8678530049324036, 0.8705806846618652, 0.8736025495529175, 0.8728041112422943, 0.872398231267929, 0.8753887157440186, 0.8754492547512055, 0.8793295304775238, 0.873775691986084, 0.873719970703125, 0.8800502269268036, 0.875602911233902, 0.8766513903141022, 0.8767893028259277, 0.87914302277565, 0.8804175584316254, 0.8786712603569031, 0.8775459215641022, 0.8805435786247253, 0.8797600150108338, 0.8794370322227478, 0.8802725863456726, 0.8813789341449737, 0.8801426994800567, 0.8846594042778015, 0.8801830093860626, 0.8833295781612396, 0.8831178374290466, 0.8805437386035919, 0.8834944467544555, 0.8804355270862579, 0.8811159811019897, 0.8836925961971283, 0.8849461438655853, 0.883576963186264, 0.8844208254814148, 0.8835915319919586, 0.8834992642402649, 0.8877708029747009, 0.8882388722896576, 0.8852016379833222, 0.8831008579730988, 0.8854849503040314, 0.8881736369132995, 0.887102504491806, 0.885506528377533, 0.88454523229599, 0.8878242673873902, 0.8876296198368072, 0.8880953705310821, 0.8861941719055175, 0.8892890894412995, 0.884830103635788, 0.8887498540878296, 0.8900126595497131, 0.8888797976970673, 0.8903353691101075, 0.8899630236625672, 0.8910265769958496, 0.8917720513343811, 0.8904076271057129, 0.8917629649639129, 0.8913260400295258, 0.8913951041698456, 0.8905412862300873, 0.8905810310840606, 0.8918126151561737, 0.8925994200706482, 0.8919725370407104, 0.8932461373806, 0.8912231984138489, 0.8936473078727722, 0.8917434694766998, 0.8885072064399719, 0.8925155005455017, 0.8899707174301148, 0.8923040521144867]}