{"loss": [0.004190766015090048, 0.003697178770788014, 0.0036273439871147275, 0.003514288058504462, 0.0035040726503357293, 0.0034858532389625907, 0.0034140647938475013, 0.0034089066348969937, 0.003287575788795948, 0.003354324717074633, 0.003269670539535582, 0.0033525378564372658, 0.0032052744422107933, 0.003203040722757578, 0.0032186607727780936, 0.003228837765753269, 0.003223703421652317, 0.0031995751159265636, 0.0031290874080732466, 0.003220542903058231, 0.0032384375194087624, 0.003143470762297511, 0.0031627802029252053, 0.003115771054290235, 0.0031971049876883626, 0.0031324695087969305, 0.0030483725937083365, 0.003068148013204336, 0.0031013228669762613, 0.0031389893181622028, 0.0030196727765724064, 0.003065110198222101, 0.003061151505447924, 0.0030370835140347482, 0.0029558212631382048, 0.00302291868487373, 0.003013024133630097, 0.003041383762843907, 0.0029937829338014125, 0.0030047659147530792, 0.002996498459018767, 0.003032681080978364, 0.0030085190944373606, 0.0029690165938809515, 0.0030553056402131914, 0.002968087298795581, 0.0030691320588812233, 0.0029725392116233705, 0.002926320212893188, 0.0030201208340004085], "true_accuracy": [0.15462393832206725, 0.24647029066085815, 0.26408153200149537, 0.2821421728134155, 0.2919255669116974, 0.2919738109111786, 0.30805201053619385, 0.3105872004032135, 0.32980215263366697, 0.32018768548965454, 0.33748358964920044, 0.3269334452152252, 0.3460263423919678, 0.3464746549129486, 0.34843592476844787, 0.3456069235801697, 0.3469939455986023, 0.3563493173122406, 0.36562687206268313, 0.3528551993370056, 0.3473055021762848, 0.3620861551761627, 0.35843331456184385, 0.36702506518363953, 0.35672992730140685, 0.36705078053474427, 0.3767528865337372, 0.3784506165981293, 0.3790312871932983, 0.37053736329078674, 0.39141243052482605, 0.38159796547889707, 0.3767113299369812, 0.38414226174354554, 0.3992365362644196, 0.3910839443206787, 0.39036934185028077, 0.38561638903617856, 0.39358988451957705, 0.3958892662525177, 0.3953441698551178, 0.38464651846885684, 0.3929084322452545, 0.40009642219543456, 0.3843333857059479, 0.4000087568759918, 0.38566707944869993, 0.39795065331459045, 0.4056794967651367, 0.3902740015983582], "attention_accuracy": [0.8885526223182678, 0.9052394049167634, 0.9087328286170959, 0.911508022069931, 0.9141355347633362, 0.9137320003509521, 0.9168741714954376, 0.9176919023990631, 0.9198226041793823, 0.9189160234928131, 0.9216824731826783, 0.9207750470638275, 0.9232272140979767, 0.9233835749626159, 0.9240793454647064, 0.9236736009120942, 0.9236855118274688, 0.9251432256698608, 0.9267194867134094, 0.9249597427845001, 0.9245478549003601, 0.9263317394256592, 0.9259976129531861, 0.9265297720432282, 0.9258044335842133, 0.9273099212646484, 0.9279663696289062, 0.9290383563041688, 0.9283756351470948, 0.9278653924465179, 0.9304992787837982, 0.9292031257152558, 0.9282547259330749, 0.9299274256229401, 0.9313952324390411, 0.9304053294658661, 0.9301014077663422, 0.9297629253864288, 0.9306576809883118, 0.9320031087398529, 0.9317174475193024, 0.9302143406867981, 0.9313935420513153, 0.9317263302803039, 0.930289457321167, 0.9316198329925537, 0.9294451756477355, 0.9313209192752838, 0.9324454035758972, 0.9312768843173981]}