{"loss": [0.051795916870236394, 0.03750589583814144, 0.03525670550018549, 0.034022782787680624, 0.03296080745011568, 0.03151306661963463, 0.031068276554346085, 0.030793182499706744, 0.029774899005889893, 0.030537917487323284, 0.02879331110417843, 0.028434380918741228, 0.027667521350085735, 0.028361022979021072, 0.02713337529823184, 0.02653774242848158, 0.026489280462265015, 0.02646041075885296, 0.025258594781160354, 0.025359545361250638, 0.02494791052863002, 0.024713261500000954, 0.0250478688813746, 0.023991349801421164, 0.024934290762990714, 0.024270925484597684, 0.024109271064400674, 0.023343111105263232, 0.023444298814982174, 0.02305177242681384, 0.023177288740873336, 0.022724956844002008, 0.02289464510604739, 0.022484343405812977, 0.02223229217529297, 0.021940571561455728, 0.022905362423509358, 0.021474559303373098, 0.021536154266446828, 0.022308991026133297, 0.02207173515483737, 0.021295594789087772, 0.020954002175480126, 0.020936356898397207, 0.02127293422073126, 0.02145603655651212, 0.021039149180054666, 0.021156186398118733, 0.020818511284887792, 0.020721720196306706], "true_accuracy": [0.08047276926040649, 0.12131737351417542, 0.13714064145088195, 0.15134857082366943, 0.1689481358528137, 0.17803881764411927, 0.18815265655517577, 0.18891351127624512, 0.20777267909049987, 0.2069336290359497, 0.21145423674583436, 0.22868838715553283, 0.228618439912796, 0.23277970266342163, 0.23913011860847472, 0.23869895124435425, 0.24493758487701417, 0.25224596285820006, 0.2551345629692078, 0.2595444464683533, 0.2663542037010193, 0.26546556401252747, 0.26871168637275694, 0.2712243764400482, 0.2709124369621277, 0.2768800160884857, 0.2761941304206848, 0.28596406197547913, 0.2878054890632629, 0.2925598871707916, 0.2957492733001709, 0.3015288994312286, 0.30040706491470337, 0.2996118631362915, 0.3022100999355316, 0.30527637553215026, 0.3093618559837341, 0.3191353731155396, 0.30753003811836244, 0.30861755561828613, 0.3075898034572601, 0.31196465563774106, 0.3177128403186798, 0.3280155782699585, 0.3247384433746338, 0.32411484718322753, 0.3264104955196381, 0.3249170763492584, 0.3262665357589722, 0.329094199180603], "attention_accuracy": [0.8798344695568084, 0.8756696355342865, 0.876820588350296, 0.8785318849086762, 0.8809094276428223, 0.8815699646472931, 0.8827727327346802, 0.883179484128952, 0.8852289152145386, 0.8847571663856506, 0.8854016404151916, 0.8874789886474609, 0.8878886926174164, 0.8876812329292297, 0.8886473920345307, 0.8890640380382537, 0.8901921939849854, 0.8906345317363739, 0.8919301657676697, 0.8921474556922913, 0.8933432250022888, 0.893662593126297, 0.8939259774684906, 0.8940561890602112, 0.8941303699016571, 0.8943090670108795, 0.894384699344635, 0.8961006700992584, 0.895675898551941, 0.8970033254623413, 0.8967928001880646, 0.8982102434635162, 0.8980266237258911, 0.8979844870567322, 0.8978101127147674, 0.8982905492782592, 0.8993662807941437, 0.8999532980918884, 0.8980818572044372, 0.8990749185085296, 0.8988173832893371, 0.8990732395648956, 0.9002923936843872, 0.901313430070877, 0.9013472881317138, 0.9013104417324066, 0.9017367732524871, 0.9013997490406036, 0.9012744033336639, 0.9015878624916077]}