{"loss": [0.004965625001117587, 0.004902499999850989, 0.004923750005662441, 0.004972187487408518, 0.004911874996498227, 0.004934687497094274, 0.00489687498472631, 0.0049134374987334015, 0.00494187499769032, 0.004937500011175871, 0.004958437498658896, 0.004942187495529652, 0.004927500007674098, 0.004945625003427267, 0.004960000010207295, 0.004930625007487833, 0.004913749993778765, 0.004933437494561076, 0.0049375000055879355, 0.004922499990090728, 0.004952812507748604, 0.004943750000558794, 0.004960625005885959, 0.004918124988675118, 0.004934374991804361, 0.004934687515720725, 0.004934687502682209, 0.004979375002905726, 0.0049381249938160185, 0.004930625008419156, 0.00495062499679625, 0.0049296875055879355, 0.004943750001490116, 0.004925312504172325, 0.0049065625034272675, 0.004942812513560057, 0.004922187509015202, 0.0049059374965727326, 0.004924687493592501, 0.004940624982118606, 0.0048981250002980235, 0.0049434375148266554, 0.004926875006407499, 0.004934062492102384, 0.0048990624938160185, 0.004889375002123416, 0.004918124999850989, 0.004900000012479723, 0.004927812511101365, 0.0049209375046193595], "true_accuracy": [0.0, 0.0, 0.0, 0.0, 0.0, 0.0, 0.0, 0.0, 0.0, 0.0, 0.0, 0.0, 0.0, 0.0, 0.0, 0.0, 0.0, 0.0, 0.0, 0.0, 0.0, 0.0, 0.0, 0.0, 0.0, 0.0, 0.0, 0.0, 0.0, 0.0, 0.0, 0.0, 0.0, 0.0, 0.0, 0.0, 0.0, 0.0, 0.0, 0.0, 0.0, 0.0, 0.0, 0.0, 0.0, 0.0, 0.0, 0.0, 0.0, 0.0], "attention_accuracy": [0.9210005841255188, 0.9208814392089844, 0.9209272682666778, 0.9209883749485016, 0.920848450422287, 0.9208146040439605, 0.9212945849895477, 0.9211885981559753, 0.9211664774417877, 0.9211525907516479, 0.9207007772922516, 0.9206026444435119, 0.9210214462280274, 0.9210826499462128, 0.9210119943618774, 0.9214042448997497, 0.9209874076843262, 0.920858234167099, 0.9211175751686096, 0.9208797931671142, 0.9209572446346282, 0.9208055326938629, 0.920853707075119, 0.921143128156662, 0.9209874577522278, 0.9208639516830445, 0.9207436985969544, 0.9207975735664368, 0.9210379426479339, 0.9209416506290435, 0.9210982148647309, 0.9211921226978302, 0.92090309882164, 0.9208902640342712, 0.9212194998264313, 0.9208683350086212, 0.9211750421524048, 0.9212633466720581, 0.9209311072826385, 0.9210165140628814, 0.9211460359096527, 0.9208443865776063, 0.9210677123069764, 0.9207966077327728, 0.920913813829422, 0.9212047584056854, 0.9209871885776519, 0.9208806741237641, 0.9209572751522064, 0.920931051492691]}