{"loss": [0.004139646688476205, 0.0037474108226597308, 0.0036340970303863286, 0.0035557046420872213, 0.0035087775541469456, 0.0034957985384389757, 0.0034666148740798235, 0.003501992467790842, 0.00349452765006572, 0.0034084225092083217, 0.0034203374041244386, 0.00335917847789824, 0.0033716940293088554, 0.0033473276030272247, 0.0033970531225204466, 0.0033204551707021893, 0.003271546614356339, 0.003338058174587786, 0.003348102552816272, 0.0032440919848158957, 0.0032568466356024148, 0.0032618849175050854, 0.00323464448004961, 0.0032024030555039646, 0.003206699582748115, 0.003197211792692542, 0.003197293941862881, 0.003175433981232345, 0.003132033050991595, 0.00320169479213655, 0.0032071986077353357, 0.003160600846633315, 0.0030897770668379962, 0.003154363396577537, 0.003120879214257002, 0.0032116223443299534, 0.0031008585542440415, 0.003148364747874439, 0.003116278497502208, 0.0030823361249640584, 0.003039535664021969, 0.0031324839564040303, 0.0031093579679727554, 0.0031027345159091056, 0.0031062375642359258, 0.0031378484899178146, 0.00297564460337162, 0.0030355209396220745, 0.003048242383636534, 0.0030457382407039404, 0.0029673546710982917, 0.0030043725371360777, 0.0030437053199857474, 0.0030174431623890994, 0.003002304658293724, 0.0029827845850959422, 0.00305075475666672, 0.003009571738541126, 0.002970029077492654, 0.0029902541087940336, 0.003024938341230154, 0.0030018039671704175, 0.0030022495151497425, 0.003063239990733564, 0.0030296701872721313, 0.0030450809821486475, 0.003002269295975566, 0.0029624854614958168, 0.0029494254873134195, 0.003005624417681247, 0.002986090047284961, 0.002956623944453895, 0.0029421387445181606, 0.0029641121788881717, 0.0029276317222975195, 0.002945878212340176, 0.0029742382876574995, 0.0029214584794826806, 0.003002640513703227, 0.002907259722240269, 0.0029625925421714783, 0.0029666565489023925, 0.002904351723846048, 0.0029361237422563134, 0.002932182333432138, 0.002883109244983643, 0.0029494411209598182, 0.0028682082695886493, 0.002853787614032626, 0.002847318844869733, 0.002816332460381091, 0.002856709321029484, 0.002897445579525083, 0.0029182694777846337, 0.002902977748773992, 0.0028524887626990678, 0.002853584988042712, 0.002858900913503021, 0.0028619047254323958, 0.0028453915626741946], "true_accuracy": [0.15942612528800965, 0.24271986889839173, 0.26741294598579407, 0.2787360725402832, 0.28912214922904966, 0.29355281162261965, 0.2936387155056, 0.29295810890197754, 0.29316785335540774, 0.3092587280273438, 0.3115727477073669, 0.31707523345947264, 0.31445956325531005, 0.32114410209655764, 0.313447434425354, 0.3300617127418518, 0.3320872805118561, 0.3270951972007751, 0.32427220344543456, 0.3389878363609314, 0.34326998353004456, 0.3460531611442566, 0.3473727488517761, 0.3478928587436676, 0.352393648147583, 0.3570341982841492, 0.35397289657592773, 0.36184975171089173, 0.3621534812450409, 0.35431366086006166, 0.3553078510761261, 0.362214827299118, 0.3719621500968933, 0.3618761727809906, 0.364683780670166, 0.35205633044242857, 0.37178005385398866, 0.3655136601924896, 0.3643065276145935, 0.3710464084148407, 0.38160120582580564, 0.3686669499874115, 0.36729384207725524, 0.37640763211250305, 0.3736381628513336, 0.36542527747154235, 0.39159181189537046, 0.3844056906700134, 0.38626603126525877, 0.38647346425056456, 0.39274167275428773, 0.39028348684310915, 0.38301476144790647, 0.3898939256668091, 0.39459646797180176, 0.3942214114665985, 0.38446348142623904, 0.39380511617660524, 0.39646784591674805, 0.39636203145980836, 0.3907250199317932, 0.39078994488716123, 0.3922170748710632, 0.388702472448349, 0.38875562691688537, 0.3897497222423553, 0.39453776836395266, 0.398980327129364, 0.40367083811759946, 0.39761564898490903, 0.3981035487651825, 0.402375367641449, 0.408057404756546, 0.3978613586425781, 0.40914192295074464, 0.4025555410385132, 0.39998033761978147, 0.41045575332641604, 0.39135689043998717, 0.4086130700111389, 0.40215837144851685, 0.40081527519226073, 0.4126652488708496, 0.40718269610404967, 0.4096491103172302, 0.41213606810569764, 0.4044679322242737, 0.41798555278778077, 0.4190481743812561, 0.42015486454963685, 0.43049515223503115, 0.4145459041595459, 0.4127255308628082, 0.4135226044654846, 0.41203189635276793, 0.421548770904541, 0.42272345066070555, 0.4217157573699951, 0.42260980534553527, 0.4227940866947174], "attention_accuracy": [0.8949414870738983, 0.9077557511329651, 0.9103735342025757, 0.9114359357357025, 0.9136436276435852, 0.9155247375965119, 0.9155281500816346, 0.9166198942661286, 0.9164710109233856, 0.9181983118057251, 0.9184655349254608, 0.9200229852199554, 0.9189664704799652, 0.9196645495891571, 0.9188692302703857, 0.922461314201355, 0.9216359257698059, 0.9219008915424347, 0.9212102944850922, 0.9235442986488342, 0.9244287712574005, 0.9248378231525421, 0.9244748003482819, 0.9248875291347504, 0.9255828864574432, 0.9264167561531067, 0.9257773854732514, 0.9273930373191833, 0.9268208229541779, 0.9260563333034515, 0.9265395383834839, 0.9278068904876708, 0.928866473197937, 0.9278680772781372, 0.9278977866172791, 0.9262891578674316, 0.9288832778930665, 0.9278649945259094, 0.9282773160934448, 0.928433929681778, 0.9303071484565735, 0.9291380472183227, 0.9288096005916595, 0.9298475024700165, 0.929573070526123, 0.9286758003234863, 0.9316998717784881, 0.9312838814258575, 0.9317750742435456, 0.9312111699581146, 0.9326323366165161, 0.9328083267211914, 0.931787141084671, 0.9321142947673797, 0.933603324174881, 0.9332401118278504, 0.932297304391861, 0.93254501080513, 0.9337173612117767, 0.9333090209960937, 0.933169231891632, 0.9330815067291259, 0.9334519569873809, 0.9326385009288788, 0.932603990316391, 0.9333294060230255, 0.9332592842578888, 0.9347892427444457, 0.9351445028781891, 0.9342081890106201, 0.9344803166389465, 0.9357649574279785, 0.9360604646205902, 0.9346415252685547, 0.9359657776355743, 0.9354131052494049, 0.9349507534503937, 0.936697781085968, 0.9342001652717591, 0.9360148181915283, 0.9354180567264557, 0.9361679425239563, 0.9368388197422027, 0.9362014093399048, 0.9367310643196106, 0.936666408777237, 0.9360497794151306, 0.9376299176216125, 0.9377557904720306, 0.9379638967514038, 0.9392695436477662, 0.9372664744853973, 0.9377086699008942, 0.9383159198760986, 0.9376080048084259, 0.9381261031627655, 0.9386486337184906, 0.9388954122066497, 0.9386844589710236, 0.9389723815917969]}